case,format,candidate,engine,original_bytes,output_bytes,output_ratio,saved_percent,bits_per_pixel,width,height,pixel_count,psnr_y,ssim_y,ssimulacra2,alpha_mae,rgba_mae,maximum_channel_error,wide_vertical_band_score,residual_correlation_max,low_frequency_residual_rms,low_frequency_residual_ratio,roi_count,roi_ssim_y_min,roi_wide_vertical_band_score_max,roi_residual_correlation_max,roi_low_frequency_residual_rms_max,wall_ms,tinypng_cached,source_sha256,output_sha256
001481e96a2b.png,png,smaller,mediacompress,4328684,1264376,0.292092469674386,70.7907530325614,2.122918009886095,1504,3168,4764672,43.447080638891364,0.9717877660339131,72.05678826,0,1.5568343948964378,64,1.048893193399321,0.19506881688675887,0.36545999122157463,0.23124130995634004,0,,,,,2092.8975839924533,,975cda250f4955663c79894ec9e491b31e8c55bfd9afb8110e080bc676ba403a,5db874968c45be67d9497c749dd9b38fc0c277d5e7589dfa6eececf310569c99
001481e96a2b.png,png,tinypng,tinypng,4328684,1271037,0.2936312745397908,70.63687254602091,2.134101990651193,1504,3168,4764672,41.840489811641234,0.9610991953125037,70.96021967,0,1.4996643525514453,42,2.2325816503913307,0.2365233352314875,0.6401463607381376,0.3326241030937916,0,,,,,0.3676670021377504,True,975cda250f4955663c79894ec9e491b31e8c55bfd9afb8110e080bc676ba403a,4811b8cb5096f27a281f811cc08179b8cf701d36b467b671d06036ab9a89e01e
001_app_text.png,png,smaller,mediacompress,550982,164485,0.2985306235049421,70.14693764950579,0.37674935293982914,1323,2640,3492720,54.19306286769722,0.9997724987509553,86.90528287,0.0015171556838223506,0.1146700852057995,49,0.2842925794311722,0.3968399622962357,0.05370479275387627,0.45703554190630574,0,,,,,1152.3100839986,,351984afbfb92447a72dcd54916a655978532466035591c27598c8d0fe1ad3a2,17e9f5abd1dd63e6b7ddce0cc6e32651fc9a52c58c649571723360a8a5e62bf0
001_app_text.png,png,tinypng,tinypng,550982,181665,0.32971131543317206,67.02886845668279,0.41609977324263037,1323,2640,3492720,55.2882939632704,0.999793354726792,87.28099152,0.0015171556838223506,0.07482048374905517,37,0.2660160382121459,0.4848329259428604,0.07968862694825599,0.5870618746009162,0,,,,,0.40579200140200555,True,351984afbfb92447a72dcd54916a655978532466035591c27598c8d0fe1ad3a2,db3bfb2134ccd1656a8ea5bd1297f20913b00c114de69ff866c3aa3083885c1d
002_app_text.png,png,smaller,mediacompress,515178,144639,0.28075538939939204,71.92446106006079,0.33154311649016643,1322,2640,3490080,52.783041814626436,0.9996241362867457,86.30118978,0.0030303030303030303,0.1301931474350158,66,0.5269174431800033,0.5825577594331824,0.07881127462884255,0.44079087476755796,0,,,,,712.2884999989765,,1aaf1e36e6dc0c8ce5936bef7235d2b50417374ea0ca0da15c75128bebe7d537,f35edd44420940c7810319f6f497beb353fb5dc905ae55236712f06abc302b89
002_app_text.png,png,tinypng,tinypng,515178,156023,0.3028526062836534,69.71473937163466,0.35763764727456104,1322,2640,3490080,55.152539706864665,0.9998338847380369,87.86953346,0,0.0805481536239857,27,0.2715858525255932,0.5022785611673982,0.08022876371363777,0.5569052299011034,0,,,,,0.24741599918343127,True,1aaf1e36e6dc0c8ce5936bef7235d2b50417374ea0ca0da15c75128bebe7d537,231e9018db3b9549ba468840e8ee7690c379e2c1f5297132ef536ec8eee5a713
003_app_text.png,png,smaller,mediacompress,683788,194260,0.28409390044867705,71.5906099551323,0.4449483497102545,1323,2640,3492720,54.79318875205661,0.9997543984934035,88.72129245,0,0.10062064809088618,49,0.3187351562500059,0.3214950854022167,0.06906455177012792,0.4166308945836091,0,,,,,881.6947910090676,,f11686cb5158732ed8b535f64aa9dd5b29affd3a51b66119feb7be9ed3dccc80,1373ef39b1d2c2abd9cf013d464a6f03d6da333f2783ad0b4181c1b47482e622
003_app_text.png,png,tinypng,tinypng,683788,217004,0.31735567164091794,68.26443283590821,0.4970429922810875,1323,2640,3492720,55.955443875190895,0.9996718547599908,89.79281011,0,0.07485670194003527,23,0.3248359375000156,0.4404831741452224,0.0772231225961241,0.43407261495895866,0,,,,,0.08100000559352338,True,f11686cb5158732ed8b535f64aa9dd5b29affd3a51b66119feb7be9ed3dccc80,53334ab4c76debde6157801f8b1008d722f6fd6260cb57225f4ccb215e287f8c
004_app_text.png,png,smaller,mediacompress,914600,330082,0.36090312705007654,63.909687294992345,0.7566176133498372,1322,2640,3490080,52.74723959884884,0.9996306167262131,85.29399474,0.0009541328565534315,0.19493492985834135,85,0.39488788836383515,0.5031333225073206,0.11995172264991538,0.5767847940850084,0,,,,,1011.5962499985471,,0bb60ddb772085313ca4b867b24e61d184023e46669e51f7ab649f7d436841ed,efe64aceb4150f091bb3fc1636e002ae4fe4270fe21ce8d054a066783195af85
004_app_text.png,png,tinypng,tinypng,914600,286838,0.31362125519352724,68.63787448064727,0.6574932379773529,1322,2640,3490080,52.86376994658391,0.9988011040434854,86.01331104,5.615917113647825e-05,0.16072203215972128,38,0.5577657714843953,0.5284287239682847,0.1869501734024765,0.5347062251680538,0,,,,,0.2736669994192198,True,0bb60ddb772085313ca4b867b24e61d184023e46669e51f7ab649f7d436841ed,8be9da9c597fffbdca23e15918b46db118e12cdfb5f148f63b0f457e1a3ea376
005_app_text.png,png,smaller,mediacompress,423449,142130,0.33564844880965594,66.4351551190344,0.32554570649808745,1323,2640,3492720,53.35352459889842,0.9996112308379527,87.25970007,0.00042574268764744957,0.12254918802537851,64,0.1331500669608564,0.33683733537886285,0.06111598362910733,0.3557851633613096,0,,,,,783.8592500047525,,3bbea8b41805fb93a810b1c111a7c5b21224e88f1db3fb0604e912ad4db93ff6,5c5a61cd1b6bd0b40d2cb946acb06fbb83aa75bd41b6edb3f4b06e805a0c4863
005_app_text.png,png,tinypng,tinypng,423449,155576,0.36740197756990806,63.2598022430092,0.356343480153004,1323,2640,3492720,55.67373976033147,0.9996779945391132,88.1197045,0.00043604984081174557,0.08458665452713071,22,0.38553750000000536,0.5549078404842828,0.10010898843626685,0.5262512559474662,0,,,,,0.08995899406727403,True,3bbea8b41805fb93a810b1c111a7c5b21224e88f1db3fb0604e912ad4db93ff6,c52098bac47016adc31e2eac8521bb9fbecd2e1e671a49fef1add6dc65e94856
006_app_text.png,png,smaller,mediacompress,689027,267343,0.3880007604926948,61.19992395073053,0.6128065832301839,1322,2640,3490080,54.60662693620187,0.9997570528471601,88.14532372,0.00041976115160684,0.10024827511117224,59,0.1358328124999909,0.29066017080215223,0.03148350832454469,0.2880101934106709,0,,,,,928.889041999355,,71a0a8566081c1bb13011efe5de041279b717a5248eb5277bc116bb43791039b,b71a75fe0672c24291a0c2298c074daf0d6882c6a3ba8c68e6f47f6821edc387
006_app_text.png,png,tinypng,tinypng,689027,244805,0.35529086668592086,64.47091333140791,0.5611447302067575,1322,2640,3490080,53.6208325870755,0.9995335353685078,88.53538744,2.5787374501444095e-06,0.10575767604180993,40,0.2801501953125025,0.5733739447918048,0.11241958545049424,0.5282196595449407,0,,,,,0.10254100197926164,True,71a0a8566081c1bb13011efe5de041279b717a5248eb5277bc116bb43791039b,db5f8830210cc2da970093002d8f0b5958b5c14b23dcfa80bb01642ee6904007
007_app_photo_mixed.png,png,smaller,mediacompress,595589,191001,0.32069262528354286,67.93073747164571,0.7368865740740741,1080,1920,2073600,46.73934011255109,0.994883142377022,75.40761577,0,0.5150270061728395,119,1.1858284974963473,0.35265166263269604,0.21588785522631865,0.3272296225809717,0,,,,,602.6448750053532,,caebac147fc0f9d98e607b3ed86985a00e0a6a6733a6f7b4d577213f070ec97d,893afcaa71f7e0bce26ae7f7e1b44fcbc296317e4413464e5be15611f959b3db
007_app_photo_mixed.png,png,tinypng,tinypng,595589,188411,0.3163439888916686,68.36560111083314,0.7268942901234567,1080,1920,2073600,44.0825366671846,0.9898824882836326,73.10385708,0,0.49729395736882714,88,2.3899206576722642,0.28129068292225795,0.2826725690600641,0.29352518928165633,0,,,,,0.3006250044563785,True,caebac147fc0f9d98e607b3ed86985a00e0a6a6733a6f7b4d577213f070ec97d,2de85e6af4b7129cd944b20ea2cb560ca894b98a38ca27d73e4284a1e0cdc94d
008_app_photo_mixed.png,png,smaller,mediacompress,530832,203586,0.38352247038611087,61.64775296138891,0.7854398148148148,1080,1920,2073600,50.23494009499987,0.9967389917412723,78.36188524,0,0.3701370804398148,87,0.5184195279467037,0.20929851968302204,0.1126421836834933,0.203742617291465,0,,,,,570.6735830026446,,72f1cce371b52092f81d8993a08168c8682f868e802f560309e0dd5b7bb34273,fa235f15c19a36cf64004d9f49b3882ed8c675ce3a42050e64e57f2c2bf19370
008_app_photo_mixed.png,png,tinypng,tinypng,530832,206273,0.38858433553365285,61.14156644663471,0.7958063271604938,1080,1920,2073600,47.9350128465456,0.9942874712002125,80.39376212,0,0.35113305362654323,45,0.96618912387036,0.2272156264430464,0.19416066056775574,0.2636550225437559,0,,,,,0.2874999918276444,True,72f1cce371b52092f81d8993a08168c8682f868e802f560309e0dd5b7bb34273,e62cd8ac22d4d241ff055bddfded64039c13f2efb365e00aa40d4172a142fc84
009_app_photo_mixed.png,png,smaller,mediacompress,769712,239556,0.311228095703328,68.8771904296672,0.924212962962963,1080,1920,2073600,43.940221728534574,0.9938700229367607,75.93602679,0,0.711499324845679,110,0.5433830003762004,0.28005923187344645,0.17663394555045406,0.27367246766538733,0,,,,,695.7343340036459,,f75fecb5e11d81a090132b41b5382cb4ef24f8becf59b1afbf5e987e668da0f5,8db0b544bacd099d5585b7289fd3b58814e72248e43ef2a64242458353236165
009_app_photo_mixed.png,png,tinypng,tinypng,769712,230829,0.29989008876047146,70.01099112395286,0.8905439814814815,1080,1920,2073600,41.31754480105705,0.9899148783520347,73.19105505,0,0.6810262345679012,74,1.7603801597886615,0.3146425884823311,0.28713240079085584,0.32056459437684076,0,,,,,0.08820800576359034,True,f75fecb5e11d81a090132b41b5382cb4ef24f8becf59b1afbf5e987e668da0f5,f4e4f96a5cdceabbebe7b63bc6aaabda366f72c2fd522eeeda6e56dab3b70b10
00e4601522ec.png,png,smaller,mediacompress,114793,38638,0.33658846793794045,66.34115320620595,0.11279109651523445,1125,2436,2740500,58.0754507787692,0.9999295529710752,88.87665041,0,0.02216411238825032,127,0.1816484804157763,0.41113756972228127,0.01979598666374226,0.21793319126750113,0,,,,,440.1917500072159,,fde23b78da2800163e8ddf144bc23ffc3828ad85014b726e7ce367ad6d04bb7f,870fab350db57d16cdc2f1a2c33c457bbe362b51cd73d06eb26f8b4c7eb99524
00e4601522ec.png,png,tinypng,tinypng,114793,39635,0.3452736665127665,65.47263334872335,0.11570151432220398,1125,2436,2740500,59.33273065383169,0.9999406298280216,88.40844657,0,0.014744754606823573,42,0.21901652404179014,0.2867650872256786,0.016498722663773356,0.25505398918338607,0,,,,,0.08958300168160349,True,fde23b78da2800163e8ddf144bc23ffc3828ad85014b726e7ce367ad6d04bb7f,c369da76f9de3d5609e0306c18ccfb80fb2bfca3b723bd7bd1a76826be79617f
010_app_photo_mixed.png,png,smaller,mediacompress,1886066,443109,0.23493822591574207,76.50617740842578,1.709525462962963,1080,1920,2073600,41.08348718702311,0.9775668277875567,67.58306884,0,1.9118781346450617,101,1.21311745461911,0.2247546641366234,0.3426530978476363,0.2019922144913048,0,,,,,1199.5867079967866,,b8492817ddaa23006899c9ef650667348ea29c5492258db49d9156ba81f88d28,d0495d7ac53c51bd479c56072dcc69d26b1e5e585ad75edfd9a34d72c3757194
010_app_photo_mixed.png,png,tinypng,tinypng,1886066,395396,0.20964059582220346,79.03594041777966,1.5254475308641975,1080,1920,2073600,38.79675347136568,0.9680160889642915,65.02172581,0,1.753641975308642,80,2.1668481724000372,0.2695093762878083,0.6130634268085633,0.2848709113398103,0,,,,,0.3272909962106496,True,b8492817ddaa23006899c9ef650667348ea29c5492258db49d9156ba81f88d28,c5943bc68904b8d0f36b9b8f000139d2c6afeb9f40bd3d6b09ad5025598b4329
011_app_photo_mixed.png,png,smaller,mediacompress,1618450,443528,0.27404491952176463,72.59550804782353,1.7111419753086419,1080,1920,2073600,47.673174528415274,0.9914631853675494,79.26473049,0,0.8029296875,81,0.6008954684526282,0.15301365280194074,0.18760133648475757,0.2191943366271261,0,,,,,798.8301669975044,,63cb15c0d48c9d8cb0663281b8ba6ee461ff933dc27443c0720cdd59084190c4,0edfe0e06c5289c0003d154b7d731e0486e5de6007c39c32ed33d65ad6896e88
011_app_photo_mixed.png,png,tinypng,tinypng,1618450,413860,0.2557138002409713,74.42861997590286,1.596682098765432,1080,1920,2073600,45.581827517747726,0.986245322747449,78.00228085,0,0.763598934220679,46,0.8958256283369287,0.16705864035675963,0.3083925725913013,0.27671756070582987,0,,,,,0.0838750129332766,True,63cb15c0d48c9d8cb0663281b8ba6ee461ff933dc27443c0720cdd59084190c4,7f563bcc39f959a8d2f0a20ecf86e3bb4f5109f98061efc79cb54d570702a76e
012_app_photo_mixed.png,png,smaller,mediacompress,1164053,337025,0.2895271950675785,71.04728049324216,1.3002507716049383,1080,1920,2073600,47.44702400986665,0.992581301663462,79.83662847,0,0.8463018422067902,42,0.5804225862610448,0.1568564236036481,0.18490223046111162,0.20842608741589544,0,,,,,820.0895420013694,,10cf2e2976afa98b1f9ba3741ed1a4e2678df972dd254159e943823ecf0b7e26,9891060978962e2ee61849e1acc1ad40bfbe53fa325602090ce3298c0aa9d261
012_app_photo_mixed.png,png,tinypng,tinypng,1164053,312826,0.2687386227259412,73.12613772740588,1.2068904320987655,1080,1920,2073600,45.11996729977802,0.9890810752029426,78.26799015,0,0.7637528935185185,34,2.1625328019166794,0.2599963438620077,0.39889186494876683,0.3397574292232962,0,,,,,0.0881669984664768,True,10cf2e2976afa98b1f9ba3741ed1a4e2678df972dd254159e943823ecf0b7e26,5318019347ae47766963e2aa98098ec0b966ed044f9eeed81a55e0bf0c4e005e
013_photo_face.png,png,smaller,mediacompress,1794689,742134,0.4135167708722793,58.648322912772066,1.5461125,1600,2400,3840000,43.78492632726964,0.9738938912093451,67.87765266,0,1.4098727864583334,46,1.2760466963803478,0.26297210306269475,0.42521311707676457,0.2771455879473492,0,,,,,1581.970375002129,,23162a72d719b8fdb4daaabc53fb3d46dbb9028c1773c08d1539595d588cb216,baa0e88ca3b692352530706e97031c38c8bda2ec906bc7537250f17a2e724143
013_photo_face.png,png,tinypng,tinypng,1794689,813017,0.453012750398537,54.69872496014629,1.6937854166666666,1600,2400,3840000,41.60422294215813,0.9620498859696872,68.4946404,0,1.3962009765625,49,1.537004125049089,0.31739763693034284,0.7818192011769051,0.3961193032275194,0,,,,,0.0923329935176298,True,23162a72d719b8fdb4daaabc53fb3d46dbb9028c1773c08d1539595d588cb216,2d0beb4be09657fbc0e42c9329a40818fb93c19be6462be460adc5b4432670c3
014_photo_face.png,png,smaller,mediacompress,5477751,2304402,0.4206839631812399,57.93160368187601,4.802838682784493,1600,2399,3838400,46.100200041202804,0.9922177806497592,75.27401158,0,1.1911491767403084,42,0.6262832251762417,0.11766315050207996,0.23960585232625375,0.2469848811693367,0,,,,,1136.7167090065777,,c88d66a51358be358269b856a42915492613b9204c9fc5b63ca6f2d9a8f857a5,f8939ef6f83e5f774ec9860508b0210fc22e775e14e0c976415fbea59b99acd1
014_photo_face.png,png,tinypng,tinypng,5477751,5477751,1.0,0.0,11.416738224260108,1600,2399,3838400,99,1,100,0,0,0,0,0,0,0,0,,,,,0.08770800195634365,True,c88d66a51358be358269b856a42915492613b9204c9fc5b63ca6f2d9a8f857a5,c88d66a51358be358269b856a42915492613b9204c9fc5b63ca6f2d9a8f857a5
015_photo_face.png,png,smaller,mediacompress,2454967,1145926,0.46677857584236365,53.32214241576363,2.3873458333333333,1600,2400,3840000,47.87129187606911,0.9910500457251415,77.97649117,0,0.847687109375,34,0.38042929687499916,0.1653881999908089,0.21093531555872827,0.2461087617166649,0,,,,,1339.1162500047358,,d5933693182224071ff5671e2e6ffdd76a0c16f4b0312109e5b43e95d64cfefd,6dbcd0f5912367e0a0b4879207116e2da1c6fbd6025734e3b42eab3e9440ec30
015_photo_face.png,png,tinypng,tinypng,2454967,1159153,0.4721664283063683,52.78335716936318,2.4149020833333332,1600,2400,3840000,45.83484593575437,0.9869991626708275,76.77025888,0,0.8178579427083333,40,1.3433163031897462,0.2646206583480906,0.41600381893619776,0.3859189739975955,0,,,,,0.08712500857654959,True,d5933693182224071ff5671e2e6ffdd76a0c16f4b0312109e5b43e95d64cfefd,31ccbd23c7f8f70fb61aa4e3b7e69a611cfefa5a4d46ed067d7318b8bd94a5e3
016_photo_face.png,png,smaller,mediacompress,2270042,920689,0.4055823636743285,59.441763632567145,2.3017225,1600,2000,3200000,45.15943176949722,0.9818931732332541,72.23095704,0,1.266323515625,72,0.7129184951268934,0.21839177789606576,0.33312549830842375,0.27824483897825764,0,,,,,1405.3888749913312,,685e04516f295fe21ba9a6899a5d1e350c3c76ca871fb272527f91e3f6cd7526,e2e8be2edfb71d7aec9470bc782e195547d850aafd8f1016ece15059208a477c
016_photo_face.png,png,tinypng,tinypng,2270042,947574,0.41742575688026917,58.25742431197308,2.368935,1600,2000,3200000,42.5851900875857,0.9715766229711914,66.15628832,0,1.23318203125,71,1.7912361268529384,0.30544713620211217,0.6522551069607317,0.4056887969766551,0,,,,,0.10266700701322407,True,685e04516f295fe21ba9a6899a5d1e350c3c76ca871fb272527f91e3f6cd7526,f4a409746bbc7c64cd840e4f52dfdc24ca1569b15778226d1c2971f30a0cb433
017_photo_face.png,png,smaller,mediacompress,4835369,2222077,0.45954652064816565,54.04534793518343,4.629327083333333,1600,2400,3840000,49.54381331766881,0.9974322668896658,84.32548714,0,0.7399052083333333,40,0.5135399415623267,0.05141305975458052,0.08523388824446236,0.16398288711293696,0,,,,,1140.8484169951407,,b720d458e2d17a99274690443c2da8d5805d9dc2333976b051720af23a9f5343,6d5c4efbb3b6f639ac3fad454b24b4121a75442fdc32456f2e32c10f0279f286
017_photo_face.png,png,tinypng,tinypng,4835369,2123882,0.43923886677521407,56.07611332247859,4.424754166666666,1600,2400,3840000,46.71617455883171,0.9939338310660661,81.15965553,0,0.7428996744791667,38,2.009061945144243,0.21771794669313868,0.2916390943535128,0.3543578366711182,0,,,,,0.08354098827112466,True,b720d458e2d17a99274690443c2da8d5805d9dc2333976b051720af23a9f5343,f3c78cc2f2184fb457bfc71cfb6343de2a958c6ba4e6b867b7cb2474a28917ec
018_photo_face.png,png,smaller,mediacompress,2116883,1106155,0.522539507379482,47.746049262051805,2.3044895833333334,1600,2400,3840000,49.81812587928332,0.9936193563188761,77.95632573,0,0.6579072916666666,44,0.5177556012551945,0.1923358923644137,0.22981879702539576,0.31875504300826446,0,,,,,1340.4764169972623,,afbe616a4297922ff7c821e0123fd12ffda52d76d209963e2a04dcd7bbc952aa,ca96c06c2e8f61d9e03ec1c248086bef1c62b2fa833f0fd9812c2098df84d055
018_photo_face.png,png,tinypng,tinypng,2116883,1207910,0.5706078229169964,42.93921770830036,2.5164791666666666,1600,2400,3840000,49.168970803644534,0.9936800423433587,81.55249796,0,0.4718528645833333,50,1.2424882766456464,0.300558790032822,0.3250469655382086,0.4295148637091315,0,,,,,0.08437500218860805,True,afbe616a4297922ff7c821e0123fd12ffda52d76d209963e2a04dcd7bbc952aa,11fc13d450044f018e838503a4a70726218472049518c12f79bec51ea63ed246
019_photo_pet_fur.png,png,smaller,mediacompress,1866211,745584,0.399517525081569,60.0482474918431,3.4938331771321463,1600,1067,1707200,46.98300042211063,0.993836976968004,80.38866752,0,1.1054276007497656,61,0.4540765186618819,0.14549088080618458,0.19113617077008632,0.23081345064397485,0,,,,,613.2740840112092,,fb163a8284afb323132db5d288f9488cd104da07f22826e72a15f149944875f6,0f4983c589deca139f8bdaa0171e2e07815e8ad9dfa9fdc738a08552d3c1dc9e
019_photo_pet_fur.png,png,tinypng,tinypng,1866211,742200,0.3977042252992829,60.22957747007172,3.477975632614808,1600,1067,1707200,44.42581659877959,0.9901961264914669,77.30942914,0,1.063485824742268,55,0.9703440504327074,0.2897332324446199,0.44792978665792743,0.39903051543113255,0,,,,,0.09391600906383246,True,fb163a8284afb323132db5d288f9488cd104da07f22826e72a15f149944875f6,5cbab6b32acccbca475a661b663d34431ac073497e8321890f9c2be7e0a0d4fa
019ef70938e0.png,png,smaller,mediacompress,5540995,579995,0.10467343861526675,89.53265613847333,1.28643355402513,1290,2796,3606840,41.059129440687684,0.9623835618765724,67.07858897,0,1.4578214586729659,155,1.4530045284662936,0.257036465811791,0.45181668646902856,0.22129249357017552,0,,,,,1497.23208299838,,d4f57006e8eb15503000e28a1318d7447e5160e9c0deda7fdcc753c2e6957c6f,e877e434aafe61e99060f9a21e8db7eb49068962701ec5720d1ad86a0ef084a1
019ef70938e0.png,png,tinypng,tinypng,5540995,5540995,1.0,0.0,12.28997127679631,1290,2796,3606840,99,0.9999999999999978,100,0,0,0,0,0,0,0,0,,,,,0.08970900671556592,True,d4f57006e8eb15503000e28a1318d7447e5160e9c0deda7fdcc753c2e6957c6f,d4f57006e8eb15503000e28a1318d7447e5160e9c0deda7fdcc753c2e6957c6f
020_photo_pet_fur.png,png,smaller,mediacompress,2032327,918377,0.4518844654428151,54.81155345571849,2.152782466010314,1600,2133,3412800,49.6161960925691,0.9967224561265722,79.14709712,0,0.6114440488748242,63,0.416692857142857,0.25866747128613155,0.17291554132428283,0.32826380891566664,0,,,,,1109.8436250031227,,87bb3dc52b833510ce14aeab6040bd11cead77163525d8772cc5b023bb37149d,0cd6bfc6a11d547418988a606c5a7c14456e2e452f1de08e691422f5e2e5adec
020_photo_pet_fur.png,png,tinypng,tinypng,2032327,924047,0.4546743708074537,54.53256291925464,2.1660736052508205,1600,2133,3412800,47.178643511291334,0.9939067646105347,78.41543147,0,0.6089373095405533,52,0.5807519010496779,0.33807630765525576,0.2643897513445293,0.3556432784635831,0,,,,,0.0832920050015673,True,87bb3dc52b833510ce14aeab6040bd11cead77163525d8772cc5b023bb37149d,851bca2f4cde0f7df97a52b9f32b0f6acb20ede31630e18b288f541f08718a06
021_photo_pet_fur.png,png,smaller,mediacompress,3543144,1331542,0.375808039413583,62.4191960586417,3.121289263947492,1600,2133,3412800,42.968312516077354,0.9719209925075929,63.93795262,0,1.9808022005391468,60,1.8208060210133759,0.19221813271539778,0.41340634641267804,0.2353926661995524,0,,,,,1373.4507089975523,,1db08012f15002dfbc0ce3c68b2b24dc4a6d626a37d317ad66c62f80b854b8ba,4866e13149f58d789a7dbf208d4794c93e0a30f652f7f2478c74b74eb751b98b
021_photo_pet_fur.png,png,tinypng,tinypng,3543144,1313818,0.3708057025060229,62.91942974939771,3.0797421472105015,1600,2133,3412800,39.99482617563872,0.9511849805503266,59.23250461,0,1.8965787623066104,62,3.0000082511083326,0.26687974775261053,0.8480231353345726,0.34420976717652885,0,,,,,0.09549999958835542,True,1db08012f15002dfbc0ce3c68b2b24dc4a6d626a37d317ad66c62f80b854b8ba,830cf874e4049506563e23a1c8d35ecb337c573bd9ea08abb89bc18521908e43
022_photo_pet_fur.png,png,smaller,mediacompress,2444670,1126834,0.4609350137237337,53.90649862762663,2.641429910923582,1600,2133,3412800,52.50541407275552,0.9991696581933378,86.63329517,0,0.36078176277543367,46,0.26218963641923704,0.147830424290323,0.051036636166041524,0.24909679039506025,0,,,,,712.9822919960134,,a80db1bcb7df8d52b9a10b4f865cf69c033fc39b97fc4d4340a6c6a698413e45,da5724ae2837b76f60520a05b2c49b424fec2af4dc641644c28511521f087228
022_photo_pet_fur.png,png,tinypng,tinypng,2444670,1088483,0.4452474158066324,55.47525841933676,2.551530707923113,1600,2133,3412800,50.43492648655572,0.998599055910755,85.12015124,0,0.329929676511955,28,0.298268505475475,0.22506990303696925,0.09069460724601199,0.3070607068715283,0,,,,,0.08949999755714089,True,a80db1bcb7df8d52b9a10b4f865cf69c033fc39b97fc4d4340a6c6a698413e45,8cffca0c4a4a35975b8bd752064528a339317743fca0bceb08dbbdbd38f493f5
023_photo_pet_fur.png,png,smaller,mediacompress,3418713,1341764,0.3924763500182671,60.75236499817329,2.615524366471735,1600,2565,4104000,45.43618042513289,0.9840743345843697,74.47032486,0,1.3544894005847954,74,1.0309351333204524,0.14074754023541883,0.24276582344833375,0.18504700475118221,0,,,,,1480.8212500065565,,26af8c4cdc635197b2f27b25b429104d7300a3907a2d7482de14a539da1cd69c,a8e10d3f609c686b25307e70446b152358b5d549c343d2d03fac78fb9ec546ed
023_photo_pet_fur.png,png,tinypng,tinypng,3418713,1372420,0.40144346717609813,59.855653282390186,2.675282651072125,1600,2565,4104000,43.04358340589752,0.9741567385274359,74.15517893,0,1.3249636330409356,49,1.5947799071074995,0.204476456647642,0.49667661582228456,0.2885181448853056,0,,,,,0.08558300032746047,True,26af8c4cdc635197b2f27b25b429104d7300a3907a2d7482de14a539da1cd69c,dd226264e0a6dfc0633b1f24bc2ad1ac797729bdd6439bdaf6e6ec6498287d8e
024_photo_pet_fur.png,png,smaller,mediacompress,2326601,1035320,0.4449925019373756,55.50074980626244,2.441792452830189,1600,2120,3392000,44.01968417855087,0.9755638021782712,69.23240522,0,1.6052507370283018,76,2.9110262862007246,0.1665333740241723,0.34284819765403257,0.22199290251671897,0,,,,,1283.5855419980362,,571d6bf4fd015e6a5c5ce4b44fb7d9d4cbec8af23c0bdeaebe7856bcd0bae516,662de888186e1a874beb87a3fbd14e1b5293280fb5e7c24758291c8b51ce8baa
024_photo_pet_fur.png,png,tinypng,tinypng,2326601,1040217,0.4470972891355243,55.290271086447575,2.4533419811320756,1600,2120,3392000,41.45026428547305,0.9616087002290036,66.53608625,0,1.5614425117924529,67,2.2519967894197293,0.2602081152443311,0.738750442177599,0.35887234514217436,0,,,,,0.0850000069476664,True,571d6bf4fd015e6a5c5ce4b44fb7d9d4cbec8af23c0bdeaebe7856bcd0bae516,951aa26feca1660203bb82a52bb1332f4bf016269f067d941331cf8160c8bf5d
025_photo_low_light.png,png,smaller,mediacompress,1186852,607816,0.5121245108909956,48.78754891090043,3.9571354166666666,1280,960,1228800,45.317461978221154,0.9897130257141591,75.49398434,0,1.2867295328776043,147,0.48872454953975186,0.08143633207715253,0.21440356820631362,0.20323861731731763,0,,,,,483.51375000493135,,8d16e099aac12a39d7c1abb947c2421fc8d9bc8dbcd88a0785786d1445ac518b,c404d45b7883e8f9c5a234815431614318cf5ee4617be35971993dafdba64f16
025_photo_low_light.png,png,tinypng,tinypng,1186852,576530,0.4857640211247906,51.423597887520934,3.7534505208333333,1280,960,1228800,42.85857401458378,0.9841520445855658,71.52556617,0,1.2033416748046875,79,1.5891921457383646,0.25448807592591094,0.5928209593164326,0.4166113249318694,0,,,,,1.1444999981904402,True,8d16e099aac12a39d7c1abb947c2421fc8d9bc8dbcd88a0785786d1445ac518b,4972fc0808aca6867dcab10b9d79e502170319624a9a7a7d1ea5c05961734dc0
026_photo_low_light.png,png,smaller,mediacompress,1318995,532897,0.40401745268177663,59.598254731822344,3.4693815104166665,1280,960,1228800,44.48219759311692,0.9862461800413592,66.93631419,0,1.647310994466146,130,0.7016406024846474,0.19136173985315783,0.3386151945078471,0.25191189338530473,0,,,,,537.5855000020238,,55e753f2d3f23719e79543b33fb2911bf3cd8c1bfd7588471fc0244153faa139,99911a782cfd79ada0d163cc552a4bd2d1c8d012806fdcc9686c007f1b5923fb
026_photo_low_light.png,png,tinypng,tinypng,1318995,513414,0.3892463580225854,61.075364197741465,3.3425390625,1280,960,1228800,41.216275243793646,0.9768342657115524,67.4690859,0,1.5725504557291667,94,1.0690232361318828,0.2730600815334339,0.6662023398811788,0.35753216700933793,0,,,,,0.08941600390244275,True,55e753f2d3f23719e79543b33fb2911bf3cd8c1bfd7588471fc0244153faa139,c6a68993c7b7d1337a275da2530fb7e4794cd2b2e08a881f4f7eb8389630fe2e
027_photo_low_light.png,png,smaller,mediacompress,993256,414702,0.4175177396361059,58.24822603638942,2.6998828125,1280,960,1228800,44.01569627083971,0.9868456452286832,72.2671636,0,1.468446044921875,78,0.5328748134322723,0.24690945736273479,0.2884885164872572,0.2755061924416132,0,,,,,541.3092079979833,,ea40aad23ab154e90287a7b14bdf88e6f4a01c4310eca8d833f9adb9bae79097,4bed161803b9383c06517dffc8c09c1a10fd5890ab503d9ad6ae31a009014d30
027_photo_low_light.png,png,tinypng,tinypng,993256,395732,0.3984189373132405,60.15810626867595,2.576380208333333,1280,960,1228800,41.17834637086353,0.9801312850341037,71.38183435,0,1.38419189453125,59,0.9615235261504476,0.3912296981237541,0.6105520955132865,0.42338952291291543,0,,,,,0.08312500722240657,True,ea40aad23ab154e90287a7b14bdf88e6f4a01c4310eca8d833f9adb9bae79097,a3a293236f9f4c8e2b62c2216422922dce509aade759b422e5e778fca90f75fb
028_photo_low_light.png,png,smaller,mediacompress,1564529,528947,0.33808705367557906,66.1912946324421,3.4436653645833335,1280,960,1228800,38.690504663509174,0.9734946938076087,68.04516473,0,3.372267049153646,115,1.2057936126128093,0.20369489056610318,0.4724492110067062,0.1789582348434834,0,,,,,844.3017920071725,,fdebc8d1ab656a963155feef15b726adfca8c6be6c7aca07fc8314ba59966c09,ae0e4fdf2959bcfe19af840e017ce055e0867bf253323eeafd231058da01bd0a
028_photo_low_light.png,png,tinypng,tinypng,1564529,470492,0.3007243713603263,69.92756286396738,3.0630989583333332,1280,960,1228800,36.187704456455066,0.9641258235539447,64.27355935,0,3.0127237955729167,72,1.867786974159648,0.26068942555218716,1.0668678063184576,0.331556202100601,0,,,,,0.09525001223664731,True,fdebc8d1ab656a963155feef15b726adfca8c6be6c7aca07fc8314ba59966c09,7ca6d1c1576fc2044d7ce086aa0e58742ba66efe0ec644b113fe8fe66fbb3e18
029_photo_low_light.png,png,smaller,mediacompress,1168225,401709,0.34386269768238137,65.61373023176186,2.61529296875,1280,960,1228800,42.22504590720284,0.9826892354078379,66.82612096,0,2.0131111653645832,106,2.2437616473142725,0.33047602391024894,0.4857764314989109,0.32833033389474514,0,,,,,669.1460419970099,,b84853fe309d484633ed4731640f57ae76fe80e44ffa53cd26b7881c7388f67a,69a09bac35ebf1f6f1748bbd79a8f1670ae150a39d7a8a0f922d2685d9d246f9
029_photo_low_light.png,png,tinypng,tinypng,1168225,372990,0.3192792484324509,68.0720751567549,2.4283203125,1280,960,1228800,39.582654484337866,0.970406328331858,66.7769678,0,1.8620277913411458,71,1.9348388244612718,0.3702373458374296,0.7068931384614195,0.36324268140058674,0,,,,,0.08220798918046057,True,b84853fe309d484633ed4731640f57ae76fe80e44ffa53cd26b7881c7388f67a,0dc72b1b95db9e1ed1ab8fba5b8b0378ba2eb6294e22e978c240778e1abc34e7
030_photo_low_light.png,png,smaller,mediacompress,1823118,644852,0.353708317289391,64.6291682710609,4.198255208333333,1280,960,1228800,40.894236133621575,0.9850862794283065,64.37196984,0,2.6195107014973957,101,1.3369308195321692,0.24472268250002305,0.4395237502280296,0.29288253877047726,0,,,,,709.591624996392,,46277f50d54269a7eb16f46356376e81772d5a49bc0bcdb28bed9f8a5bc26310,eff622ef8ad54882e413682414c88f07683fad9dfbd5acb257ccd0362a47cdaf
030_photo_low_light.png,png,tinypng,tinypng,1823118,617007,0.3384350327296423,66.15649672703576,4.01697265625,1280,960,1228800,38.1410921475174,0.9766051069031941,65.01691059,0,2.399807942708333,59,0.801996108634016,0.20633716410484915,0.5199343286003484,0.26785186158890845,0,,,,,0.0850000069476664,True,46277f50d54269a7eb16f46356376e81772d5a49bc0bcdb28bed9f8a5bc26310,bdbde4aa8f0614a0f024ffcfc0f7aaaf44f276747915afd66174aa4f8dcffb98
031_photo_high_texture.png,png,smaller,mediacompress,3189699,1088092,0.34112685867851483,65.88731413214852,7.083932291666667,1280,960,1228800,42.6289102353788,0.9981000334967689,80.14583819,0,2.458118896484375,84,0,0.12469804320117579,0.23397448569559331,0.14017137550752837,0,,,,,579.4984160020249,,102502a4468708d4efaa892e27136709e8dbfaba5125f6b0567b0bbb6d1081bf,5265376261baa40a0751dfa185f736995ffef6e7b39e1e03b3ca42bd5f306fe4
031_photo_high_texture.png,png,tinypng,tinypng,3189699,1063779,0.3335045093596606,66.64954906403395,6.92564453125,1280,960,1228800,39.413730717310955,0.9963007806649489,77.45621175,0,2.2729388427734376,56,0,0.1228359217731409,0.4029372688273178,0.1718062131356649,0,,,,,0.09433399827685207,True,102502a4468708d4efaa892e27136709e8dbfaba5125f6b0567b0bbb6d1081bf,b88bff7c82ba3d392a0a6ed196732beb44edbda1f053dc5e9a28fd3565b19d3d
032_photo_high_texture.png,png,smaller,mediacompress,2669308,975181,0.365331014630009,63.466898536999096,6.348834635416667,1280,960,1228800,42.22104672435583,0.9953836114518915,67.04410586,0,2.5225791422526043,135,0.6016019815790136,0.06774532450421275,0.27989231165370404,0.19673994597255653,0,,,,,599.8607500077924,,f19f71d63b4f76fed14f7eb7918414b481162644f968b3920fae61fb0880dde0,5fa25be48cbb5273decd1fb0dc1bccb0691763b0deb8966e9f7f4870a893e169
032_photo_high_texture.png,png,tinypng,tinypng,2669308,931293,0.3488893001482032,65.11106998517968,6.06310546875,1280,960,1228800,38.84698633147331,0.9906740451019839,73.10538102,0,2.32072021484375,58,1.2669543241911732,0.18916036265422698,0.780977774613091,0.3438433005884055,0,,,,,0.09345800208393484,True,f19f71d63b4f76fed14f7eb7918414b481162644f968b3920fae61fb0880dde0,0d6445064998c73b2444237f706a8f1ae6d763ae7af8396ad56fce01f3a21803
033_photo_high_texture.png,png,smaller,mediacompress,2741049,931027,0.3396608378763021,66.03391621236979,6.061373697916666,1280,960,1228800,41.4872961103586,0.9912501839401887,75.80416563,0,2.594643351236979,55,1.1722071839279609,0.22124762209411294,0.3976720958614198,0.15391104000143152,0,,,,,626.9580420048442,,9f63b8a6b08a693171384ec5775b41fc587b35eb7758137c31f9861bf91a1b6e,250d4faf4b889fcaa77f3b71e9495924a067da7862f79150829e4095538a2bd6
033_photo_high_texture.png,png,tinypng,tinypng,2741049,904628,0.33002985353417613,66.99701464658239,5.8895052083333335,1280,960,1228800,38.78319495680259,0.9890293754547577,75.80406267,0,2.37739501953125,48,0.9252873873823972,0.22488630479522942,0.7236121230045133,0.2912743897089663,0,,,,,0.08774999878369272,True,9f63b8a6b08a693171384ec5775b41fc587b35eb7758137c31f9861bf91a1b6e,be9d6b98a4302c849c2b23cf8177812ff7eb21448b0c638b07921565b3dd88e6
034_photo_high_texture.png,png,smaller,mediacompress,3212782,1075582,0.3347821296309553,66.52178703690447,7.002486979166667,1280,960,1228800,42.161047232028004,0.9981871023781559,81.64354682,0,2.5461777750651042,86,0.2811822809299023,0.06277751236094227,0.20331149936899343,0.14594058920096084,0,,,,,706.9864170043729,,77e85a349288481752a493f7ddbc8f4712bf8fa12d62f5b3426e2c89f1f1df52,08de709841a64c0d66b8f0801277178e8c63013b46a8a1504c760f35db5a65d7
034_photo_high_texture.png,png,tinypng,tinypng,3212782,1048114,0.326232529938228,67.3767470061772,6.823658854166666,1280,960,1228800,38.98074043239198,0.9963398865000654,79.24751974,0,2.348339640299479,57,0.678050900288966,0.20814362527688943,0.8393575072025521,0.37151044721948584,0,,,,,0.09045899787452072,True,77e85a349288481752a493f7ddbc8f4712bf8fa12d62f5b3426e2c89f1f1df52,424d9b945b7e64f4d681406b95a5e1c1d779321076947f2621616c8184701986
035_photo_high_texture.png,png,smaller,mediacompress,3194455,1091785,0.34177504456941793,65.82249554305821,7.107975260416667,1280,960,1228800,41.85275998591672,0.9976437007963875,78.80083977,0,2.6811014811197915,111,0.36491828807938836,0.07059414191442925,0.24657274522276973,0.16053355120443338,0,,,,,636.0454160021618,,98a269d5b804e99aa3ccd0d2c1d304445cfe0bd3aee721058f67e075f269139c,c693cf8f71c315d05cfdd2a32bde72c305acb238e0afb89901563627b4ec9496
035_photo_high_texture.png,png,tinypng,tinypng,3194455,1057977,0.3311917056274075,66.88082943725925,6.88787109375,1280,960,1228800,38.50630098805575,0.9952484422363455,75.54468869,0,2.4897412109375,67,0.5566112374571686,0.15102501317158168,0.6221509766307867,0.2572329181408771,0,,,,,0.09104200580623001,True,98a269d5b804e99aa3ccd0d2c1d304445cfe0bd3aee721058f67e075f269139c,620d910d4dca4b4c0a0afb7eb8d30bef46c741db537bb784cd6c3a80abdb8e0e
036_photo_high_texture.png,png,smaller,mediacompress,1654795,643339,0.38877262742514934,61.12273725748507,4.188404947916666,1280,960,1228800,41.896581513841156,0.9800308654757091,72.95283798,0,2.5887158203125,107,1.3789729006684062,0.12268583240194084,0.3129465227332069,0.17554221106615925,0,,,,,697.7112919994397,,b2baca0c6bdbad9820bc303961ab3b10f6f9c87af49ea62978991ca3862c0795,dd3d363ccb948f5e22ca78ca2a54892fe0cefea771860c99aaf9383561bf0535
036_photo_high_texture.png,png,tinypng,tinypng,1654795,609735,0.3684655803286812,63.15344196713188,3.96962890625,1280,960,1228800,38.94700667513816,0.9615494447430395,70.63011166,0,2.379725138346354,48,1.383317033553852,0.16127259844105646,0.6240351079678814,0.24129058532037742,0,,,,,0.09337499795947224,True,b2baca0c6bdbad9820bc303961ab3b10f6f9c87af49ea62978991ca3862c0795,9fce540f9c5f6052d5a766f30dee033117a2822cddd431cfb5b0d23a9f531af3
037_photo_flat_sky.png,png,smaller,mediacompress,941945,375662,0.3988152174490018,60.11847825509982,2.4457161458333334,1280,960,1228800,43.13595700627453,0.9862235233298147,73.52364492,0,1.547356160481771,92,0.6298049386160731,0.2099633438602381,0.29382131900408004,0.2780821968231717,0,,,,,614.5790830050828,,e08c4c251c8aa890eb7f81178c621c91ade8a267470210c8a0fada067510d80d,a375bc44740420df50eae8889fd93c78cc87aa5ea597843ee65087f4770ea7e7
037_photo_flat_sky.png,png,tinypng,tinypng,941945,386459,0.41027767013997635,58.97223298600236,2.5160091145833334,1280,960,1228800,40.54430506822023,0.9748261146661965,72.07374855,0,1.4797855631510417,60,0.8478671843513508,0.2657146394318095,0.5057228735054032,0.33719195479383124,0,,,,,0.08845901174936444,True,e08c4c251c8aa890eb7f81178c621c91ade8a267470210c8a0fada067510d80d,9e577a08592a7cf48fe94460616a9a63c12d1d6f9f7f836569b1193712d47dff
038_photo_flat_sky.png,png,smaller,mediacompress,914528,338005,0.36959502606809197,63.0404973931908,2.200553385416667,1280,960,1228800,44.70354408363701,0.9813496905977938,75.35364227,0,1.3367022705078124,48,0.437390863038323,0.21180859453027281,0.28094402883216046,0.22482029423923702,0,,,,,535.8719170035329,,920dfee19d8c5b8ccbd61744a6d0887e67c52e985980350e2851b1a9b3faa990,3ee2e9fc2b36ddbd84118870d4d2b168f68459e87f76ec74a9962760bff91e50
038_photo_flat_sky.png,png,tinypng,tinypng,914528,348250,0.3807975261555688,61.92024738444313,2.2672526041666665,1280,960,1228800,42.258047403186254,0.9596510915040359,72.0651838,0,1.3226275634765625,39,0.9198906237178963,0.2937349029060522,0.6107544094683406,0.35879508238475055,0,,,,,0.08833299216348678,True,920dfee19d8c5b8ccbd61744a6d0887e67c52e985980350e2851b1a9b3faa990,77b39028aab9c2fbfa297be8b3ba6d20b9c264cb3825a84cf79e9788ad9cfe56
039_photo_flat_sky.png,png,smaller,mediacompress,495636,222707,0.449335802887603,55.0664197112397,1.4499153645833334,1280,960,1228800,48.11678621371627,0.9900667082029391,80.21700125,0,1.00779541015625,39,0.3206057105654787,0.31174193633145947,0.22602530144743493,0.24536092430199993,0,,,,,532.247915994958,,36367fbc9f555c8f47b7edc04bb5b56a3f18fb04681f279c6fc0154a091db65c,cb6c054e69e4411fe94c6db0d27718a0db25b4f7ba977ef6a8b673cfb74b7cfe
039_photo_flat_sky.png,png,tinypng,tinypng,495636,249505,0.50340370755958,49.659629244042,1.6243815104166666,1280,960,1228800,45.15930260234495,0.9812052690697298,77.47806986,0,1.0001885986328125,35,0.4733866206195349,0.34335748456262477,0.41111363532158374,0.31630891555883134,0,,,,,0.08800000068731606,True,36367fbc9f555c8f47b7edc04bb5b56a3f18fb04681f279c6fc0154a091db65c,bb7f17124da20b758f0ab85acd147dddf2ae46857f399c70d583f6c4c26127ea
040_photo_flat_sky.png,png,smaller,mediacompress,1019373,469499,0.46057625618885334,53.94237438111467,2.2000890346766635,1600,1067,1707200,49.87903338016099,0.9921184464822961,81.53324837,0,0.7902896555763824,25,0.418398511373149,0.2375717674508087,0.20799038839690104,0.257268716567595,0,,,,,639.9993750092108,,acca26b92b1121359746650280f7151f3531f56b9db4f925982310c9ec51b2c2,c63f5e87c230147367495a8cb7299855b352b374f2f92910f06ecceead3adf5b
040_photo_flat_sky.png,png,tinypng,tinypng,1019373,508539,0.4988743080305246,50.11256919694753,2.3830318650421742,1600,1067,1707200,47.249578253346336,0.9863281198149213,80.58691422,0,0.7770965616213683,35,0.4846933116466783,0.2700671226610209,0.3216274511555846,0.2952215144427812,0,,,,,0.09004201274365187,True,acca26b92b1121359746650280f7151f3531f56b9db4f925982310c9ec51b2c2,fc6a0133211f477a7b4efc95310aae5c7d1c16903cc007135cd8f940ba0461ad
06fa4ff01d2b.png,png,smaller,mediacompress,790973,300000,0.37927969728423094,62.07203027157691,0.8757525998905309,1125,2436,2740500,53.095955951820606,0.9993307206487165,81.8629731,0,0.14381964969896005,85,0.1737666131074781,0.4061509580737055,0.06737488413460657,0.3104230358490134,0,,,,,762.4695830018027,,580d7ccc6d44fda2462310824bf6a40d280fe235f1f6ea0bf778657369f6ebad,eeae96e2dcd132ffd34c14e4e0e19d5b7635215ce60f06188d9a3b620cd5d849
06fa4ff01d2b.png,png,tinypng,tinypng,790973,287286,0.3632058237133252,63.67941762866748,0.8386382047071702,1125,2436,2740500,52.76581253306814,0.9988134694081366,81.43590849,0,0.1410691479656997,50,0.46549082902936223,0.37097448130122784,0.12235798477210717,0.37007693263661867,0,,,,,0.09179199696518481,True,580d7ccc6d44fda2462310824bf6a40d280fe235f1f6ea0bf778657369f6ebad,401e1a26952792df15032f706bd2db4112b22cb0d4e958cf34b2b319a313daad
0a8cd0f83f2d.png,png,smaller,mediacompress,5395524,612639,0.11354578350499414,88.64542164950059,1.3588382074059286,1290,2796,3606840,44.55365280305835,0.9906375602646769,72.20289138,0,1.0106822038127559,125,0.9482205587037588,0.3024995342379836,0.3085968908445104,0.291045268182059,0,,,,,1593.264833005378,,49534d85dee29f98b2caebaf23f0db656f4d9112f43fe5366de9db89f6872eae,8bea81c69c54b31c6ac8082b6e6548159299cc68930c0f9888a9e133f8ffe9fd
0a8cd0f83f2d.png,png,tinypng,tinypng,5395524,5395524,1.0,0.0,11.967315434008716,1290,2796,3606840,99,0.9999999999999697,100,0,0,0,0,0,0,0,0,,,,,0.09220799256581813,True,49534d85dee29f98b2caebaf23f0db656f4d9112f43fe5366de9db89f6872eae,49534d85dee29f98b2caebaf23f0db656f4d9112f43fe5366de9db89f6872eae
0d2b06806c84.png,png,smaller,mediacompress,5146593,1525353,0.29638112048106385,70.36188795189362,2.5611047308188266,1504,3168,4764672,45.225277101827295,0.990830163443336,77.51527474,0,1.2406888658862563,69,1.3212030479359287,0.23723493961641426,0.27473258467453066,0.23984368964683433,0,,,,,2077.5161249912344,,c9f113acf4692c617a27379685baa086d0163e62c74a37f8ed7d71bc1aefcf03,b5c4d95cb2225e3749f436c0d0853fc122cdc4537c82674ca84b0ec5a985cf1a
0d2b06806c84.png,png,tinypng,tinypng,5146593,1437623,0.2793348920344002,72.06651079655998,2.4138039302600474,1504,3168,4764672,43.050667877613336,0.9863735671079271,74.68046038,0,1.1571502718340319,41,1.1429130536139436,0.2786162337868145,0.4397966095285476,0.3126839449050535,0,,,,,0.09349999891128391,True,c9f113acf4692c617a27379685baa086d0163e62c74a37f8ed7d71bc1aefcf03,7e1efabbb68f04bd3296973bd19bf2328b70451226ea4e1da14172c7e87dce71
0fca6f88ea13.png,png,smaller,mediacompress,98136,96461,0.9829318496779978,1.7068150322002151,1.4290518518518518,750,720,540000,48.888123824261534,0.9974110857259674,74.72486165,0.07507962962962964,0.22608703703703703,55,0.36186990957880205,0.5005800699569077,0.1908229204539847,0.4028889371881171,0,,,,,192.34058300207835,,e2c925a17baf3e48b8a7a876bad8c5fda1fadccf055d91dfad1c63bf4eb838ec,febbb987c5628111e4f3d5b08d35794a772b0f1dc65d567e5717db56b6e4e841
0fca6f88ea13.png,png,tinypng,tinypng,98136,96851,0.9869059264693895,1.309407353061054,1.4348296296296297,750,720,540000,47.60126364140949,0.9912829302050379,80.16152634,0.15625185185185186,0.6612361111111111,255,0.7228653922651782,0.31051165841227735,0.2395955852546242,0.3067864672580179,0,,,,,0.0966669904300943,True,e2c925a17baf3e48b8a7a876bad8c5fda1fadccf055d91dfad1c63bf4eb838ec,7a88fd48f476bd1034ee9be8eababddd806e1f36e959aa0006b503bd03626ef5
151629593194.png,png,smaller,mediacompress,99065,97698,0.9862009791551002,1.3799020844899812,1.4473777777777779,750,720,540000,48.590151307061014,0.9971789300384063,78.12960956,0.060398148148148145,0.23861574074074074,50,0.48044053830311884,0.45328575954659805,0.18405241604577022,0.29145890986311085,0,,,,,201.38754100480583,,8b0ae941705e508c4459f3143dcf16318494e1ac50c0b3e5cd70ca41546cfb17,3593caeba9ce75e9cb2240f7e4844590a47071ace77ff1d96afa076787470c77
151629593194.png,png,tinypng,tinypng,99065,96618,0.975299046080856,2.4700953919143953,1.4313777777777779,750,720,540000,47.258077499501354,0.9909780592410312,79.54244806,0.0950037037037037,0.7253768518518519,255,0.4470411735376548,0.27642492739235197,0.31275816403834933,0.3250503507016537,0,,,,,0.27058400155510753,True,8b0ae941705e508c4459f3143dcf16318494e1ac50c0b3e5cd70ca41546cfb17,0b4a175f46646499c7f1fc302d459ca7f64221356496b222bef86291d04cd805
1eb301898cfc.png,png,smaller,mediacompress,204837,202936,0.9907194500993473,0.9280549900652746,1.3362041152263375,1125,1080,1215000,47.302903693194544,0.995782547791188,73.67468944,0.12495884773662551,0.20781399176954732,56,0.5788140285724236,0.4721564896015734,0.23313506052190303,0.3692566281337997,0,,,,,430.22508300782647,,ec3189646c99ec36c87b07443eee1f274612614d215d048f8a759f3df81d9c8f,f6a014e8bca3f4050c7c2d9d6ec068a21c227f7f0bfb73dbdecd02152db5a767
1eb301898cfc.png,png,tinypng,tinypng,204837,201523,0.9838212822878679,1.6178717712132085,1.3269004115226337,1125,1080,1215000,48.95970531240677,0.994567609064294,77.09732675,0.04174650205761317,0.1834835390946502,38,0.6152627837168807,0.1930599437006101,0.20088258299419826,0.2292084467804555,0,,,,,0.10479200864210725,True,ec3189646c99ec36c87b07443eee1f274612614d215d048f8a759f3df81d9c8f,dcd8142ad58f57fb3a26606d4f1d666b43c44d3d4feb91f7dcaf3537d15ece1d
2b4019e7be06.png,png,smaller,mediacompress,3060084,1169028,0.3820248071621563,61.79751928378436,0.990997314453125,3072,3072,9437184,53.12388367108139,0.9980879278423266,84.91426114,0.010279761420355903,0.5355805026160346,223,0.21270404084967426,0.3051695133443655,0.095322062523696,0.23315907349731357,0,,,,,2335.303791987826,,c3f414b064ccb1bc2245aec178d333c29c8812d0b0317cee270de326593550c3,e93b7a8fff61686a4cb968c7525ee370fdb638f1cbf292d4ac42fa51388683eb
2b4019e7be06.png,png,tinypng,tinypng,3060084,1323208,0.43240904498046456,56.75909550195355,1.1216973198784723,3072,3072,9437184,50.41751118841569,0.9959486106011707,82.91536077,0.010821236504448785,0.519760979546441,223,0.37280521156896484,0.35625975607787375,0.21683398100911655,0.3453041317205686,0,,,,,0.08766699465923011,True,c3f414b064ccb1bc2245aec178d333c29c8812d0b0317cee270de326593550c3,39a570d55dc6762628f35964953155c4e251603921f4284ba830ab216bd3f11e
35b5330d73cd.png,png,smaller,mediacompress,417814,136922,0.3277104165968589,67.22895834031411,0.39969932494070426,1125,2436,2740500,54.331128953777814,0.9993917532030958,82.73458354,0,0.09328918080642219,78,0.54786727272728,0.30743777403473294,0.051161480522544114,0.2552709544223939,0,,,,,620.725125001627,,c70b4c32ab02b97ebfba5889f70154f9fb9e94bbcb2a98b24f7234ddaae8bfdd,a65eae37475533f8d425b0f0bc6572f3a72ec184caac15d7a7c9f64d8927b677
35b5330d73cd.png,png,tinypng,tinypng,417814,146626,0.3509360624584145,64.90639375415854,0.42802700237182995,1125,2436,2740500,54.12549504368472,0.999170133017509,83.72482984,0,0.08153794927932859,43,0.5192345454545519,0.3949086736835712,0.0789038206461159,0.32611420826679244,0,,,,,0.10162500257138163,True,c70b4c32ab02b97ebfba5889f70154f9fb9e94bbcb2a98b24f7234ddaae8bfdd,474f943bce51360802fb6d7c3be31d7acfa5543e5e7473f5e505e98a4168f757
3921a10bb2d0.png,png,smaller,mediacompress,215995,92626,0.42883400078705525,57.11659992129447,0.1050717486245817,3600,1959,7052400,64.52530532266053,0.9999665307407447,87.63766457,0.0005934150076569679,0.004748702569338098,66,0,0.6771605739507054,0.013303578041308389,0.30915546302470576,0,,,,,809.6447499992792,,50769d95f41a5cdcc5d153936f9ce39b5b251a948e146345d0ca4e6e5352f268,7fd06d85b42537666fb5348138d246026f141d4db05866092fa5f5514c400a48
3921a10bb2d0.png,png,tinypng,tinypng,215995,91980,0.4258431908146022,57.41568091853978,0.10433894844308321,3600,1959,7052400,63.48995500218784,0.9999758602804125,87.73710051,0.0002471499064148375,0.008592464976461914,255,0,0.46208233160763423,0.02211951278456896,0.45268822467846476,0,,,,,0.10883300274144858,True,50769d95f41a5cdcc5d153936f9ce39b5b251a948e146345d0ca4e6e5352f268,b391477b1d2fabbb3e6ee8e04ad2d38fb4ba741e480a97ce9307049242e394e2
541577a30c11.png,png,smaller,mediacompress,606976,183850,0.30289500738085195,69.7104992619148,0.536690384966247,1125,2436,2740500,51.2823376849756,0.9979446599361921,81.1486641,0.03517277869002007,0.13983616128443715,111,0.7816622633272087,0.27423231328280523,0.1112537384582937,0.28044584003771306,0,,,,,706.834250013344,,9776138f99e6682227a8f2f86459962d9bd18f4702f922b32a26b8154baa9c52,ddc77d3fda368414a728b5a9750695f5ed9d646497e5dffc420895aa97d93dcf
541577a30c11.png,png,tinypng,tinypng,606976,181747,0.299430290489245,70.0569709510755,0.5305513592410144,1125,2436,2740500,53.673447953321414,0.9976932031534786,84.64943218,0.0510311986863711,0.11599115124977194,42,0.5807440000765927,0.2558548250032323,0.11953675158075461,0.2854997731741906,0,,,,,0.09745800343807787,True,9776138f99e6682227a8f2f86459962d9bd18f4702f922b32a26b8154baa9c52,a2613f8a6fcb018869dd6771168043694a00b845fa46c8c7071cf88ba4d998bc
5bf5e8a1ec01.png,png,smaller,mediacompress,1786597,649883,0.3637546687921227,63.62453312078773,1.7533106441069388,1722,1722,2965284,52.66817863356067,0.99759289232049,83.69928822,0,0.2862540316543036,43,0.37056351094165707,0.22291857422052674,0.13679283988449686,0.31647140338479296,0,,,,,1089.996416005306,,2990525e4e9c447905dc12f551e5136b258aa339fd76b24a5a23df1a0dd1c095,48beab2101c7700711de0ddf599f501aef14a550537134cb57f284280c01afd9
5bf5e8a1ec01.png,png,tinypng,tinypng,1786597,684545,0.38315579842572217,61.68442015742779,1.8468247898009094,1722,1722,2965284,53.29258108780682,0.9972267613619521,85.17001446,0,0.26225717334326154,25,0.44821706594467203,0.19770246891138155,0.1364055181069887,0.2962742969720193,0,,,,,0.08662499021738768,True,2990525e4e9c447905dc12f551e5136b258aa339fd76b24a5a23df1a0dd1c095,9a8ff196cbc921b3ef8656d9706c3f6b0d6848a86ccc17ffe5c1e1fc821281b6
61e93395bc3b.png,png,smaller,mediacompress,27517,23514,0.8545262928371552,14.54737071628448,0.35965470761994894,885,591,523035,52.41673119243937,0.9992045930353907,88.59679286,0.007213666389438565,0.12144693949735677,43,0.13418090703636554,0.4454117496089886,0.06668997116171357,0.2818883524606274,0,,,,,127.95445800293237,,4f2122389b41d49fa53db5facc136bee25470f5c98c127bb10c604677957c871,57053a7d965c7f1eb7936962f5a3cb0be00e406132b9c10849f679df0d85c06d
61e93395bc3b.png,png,tinypng,tinypng,27517,24782,0.9006068975542392,9.939310244576083,0.3790492032081983,885,591,523035,52.68700840263613,0.9992997087696274,89.30445324,0.0050149607578842716,0.1108544361276014,24,0.14660302522223978,0.5244068084972744,0.0689453849477422,0.3177746475616923,0,,,,,0.13295799726620317,True,4f2122389b41d49fa53db5facc136bee25470f5c98c127bb10c604677957c871,e3f1ef5835f5947f8f98f3496ec4b5f0aab326e9a2ccfc47ef8b877354e7bea3
70de4c22c46f.png,png,smaller,mediacompress,8691804,1104868,0.12711607394736466,87.28839260526354,2.450606070687915,1290,2796,3606840,43.716875736460466,0.983707220953848,71.13134986,0,1.089400624923756,118,1.690663973271834,0.2739312657943165,0.35724552337730664,0.24902654147510137,0,,,,,1782.1270420099609,,2b11379e3b6ac0ebc1fa46023b95c0483d18e47f667ac50a2301095f60b7acd1,8531392f62fc1d6d60189ab3f1a31169797e3a7c37397d7ed3dec075cdcfb2b5
70de4c22c46f.png,png,tinypng,tinypng,8691804,8691804,1.0,0.0,19.27849086735203,1290,2796,3606840,99,0.9999999999999962,100,0,0,0,0,0,0,0,0,,,,,0.7136670028558001,True,2b11379e3b6ac0ebc1fa46023b95c0483d18e47f667ac50a2301095f60b7acd1,2b11379e3b6ac0ebc1fa46023b95c0483d18e47f667ac50a2301095f60b7acd1
7588bad5b461.png,png,smaller,mediacompress,135365,48394,0.3575074797768995,64.24925202231005,0.041024102105034724,3072,3072,9437184,99,1,100,0,0,0,0,0,0,0,0,,,,,1366.9961249979679,,30827c60697ec42f156be6204c3d2d2df8f334acefafa4d9b8501b8cdfbb7b11,661ec5577196b92db1e3dbb43e8bfe0d4c6bc75ee61336cac500a73cd9db76e5
7588bad5b461.png,png,tinypng,tinypng,135365,45257,0.3343330993979241,66.56669006020759,0.03836483425564236,3072,3072,9437184,60.23597925199098,0.9999893268872838,89.28054193,0,0.005861361821492513,12,0,0,0,0,0,,,,,0.1037090114550665,True,30827c60697ec42f156be6204c3d2d2df8f334acefafa4d9b8501b8cdfbb7b11,2f5ecdd350578e42214632e268312498f815658d77355ba9e5d6c7538e5279d0
7cf990cf9bc9.png,png,smaller,mediacompress,179331,76995,0.42934573498168194,57.06542650183181,0.22476190476190477,1125,2436,2740500,58.35377755667713,0.9997996289057755,85.17547928,0,0.028508575077540593,76,0.40584369019803507,0.3822849504295244,0.055372946136427875,0.32133143556237426,0,,,,,491.8159170047147,,b4f598f36ec0651832db06fd0d62bc6f317f4421381d4d6148c088917f9cb74e,b4c77f35e57b9104ee677abd59b81f612b893bf61d29ce0b961775d681a56b22
7cf990cf9bc9.png,png,tinypng,tinypng,179331,75128,0.4189348188545204,58.10651811454797,0.2193118044152527,1125,2436,2740500,56.32748215918747,0.9994635541447696,83.29336489,0,0.03970589308520343,54,0.42838092894284296,0.3353908312098914,0.07559055770914336,0.2880592300732263,0,,,,,0.09304199193138629,True,b4f598f36ec0651832db06fd0d62bc6f317f4421381d4d6148c088917f9cb74e,2421505831b0891974e664c9336cf10f0fccad9557465c3b54437731ad9e93bd
7e1e4a3149d2.png,png,smaller,mediacompress,7144101,2156141,0.30180718329710066,69.81928167028994,3.620213101762304,1504,3168,4764672,43.3854440802645,0.9889436227289763,73.19819567,0,1.8071933388069525,87,0.8232990180036661,0.21908507768393518,0.35989693283142554,0.2637746388614866,0,,,,,2114.1585419973126,,68cc374fdd36eec2af262a40f27f791c18a44ea56a4f1ddc3cdd85adaeda2e37,ec2ee515fbd3c930fde39ad3c4e2de6bb48d0c1d8a389fd7fd52d62041634113
7e1e4a3149d2.png,png,tinypng,tinypng,7144101,7144101,1.0,0.0,11.995119076402322,1504,3168,4764672,99,1,100,0,0,0,0,0,0,0,0,,,,,0.08654099656268954,True,68cc374fdd36eec2af262a40f27f791c18a44ea56a4f1ddc3cdd85adaeda2e37,68cc374fdd36eec2af262a40f27f791c18a44ea56a4f1ddc3cdd85adaeda2e37
930f1b7cc9e7.png,png,smaller,mediacompress,6525189,2563847,0.3929153622983181,60.70846377016819,1.099042781207133,5760,3240,18662400,47.76361975004668,0.9885431819832353,73.30245298,0,0.8432183159722222,51,0.6604418750000072,0.3334725305446791,0.2773689707494941,0.2786760230422888,0,,,,,5948.231208996731,,102016cde16505840aedd9d7f81b220013d37c850841dfaae3d5411872e13d48,fd428df984616b20e8da148e50c72b97e6c9dad21c30b14d014f4cc9089ceb01
930f1b7cc9e7.png,png,tinypng,tinypng,6525189,6525189,1.0,0.0,2.7971489197530865,5760,3240,18662400,99,0.999999999999984,100,0,0,0,0,0,0,0,0,,,,,0.10470800043549389,True,102016cde16505840aedd9d7f81b220013d37c850841dfaae3d5411872e13d48,102016cde16505840aedd9d7f81b220013d37c850841dfaae3d5411872e13d48
967d5e485cb5.png,png,smaller,mediacompress,1723714,455057,0.2639979718213114,73.60020281786885,3.0562070169782936,752,1584,1191168,41.91163708294744,0.9846508140528687,72.59900632,0,2.0273422808537505,59,1.2637473187674049,0.23185652238269866,0.34150358806869724,0.23210725219612285,0,,,,,705.9035420097644,,b744ede737eb913fbbfd73b1e48672aa6125c08a6dcd2acb90eb1f3b8382710d,840ccbb6e8d46050339b953e4ac30e61a2caf77ea06a0765b93d55289194796b
967d5e485cb5.png,png,tinypng,tinypng,1723714,435170,0.25246067503077657,74.75393249692235,2.9226439931227164,752,1584,1191168,39.63897975450247,0.9772628831060604,67.66165688,0,1.892293110627552,41,2.0039539769407666,0.2678722868962499,0.5562965567655499,0.30403261138306287,0,,,,,0.09349999891128391,True,b744ede737eb913fbbfd73b1e48672aa6125c08a6dcd2acb90eb1f3b8382710d,ed47199fa80c96c811dc050f1260ee034e9780746178b9b0d0f337c923ad0b5f
96f08a9eedb2.png,png,smaller,mediacompress,1788107,480734,0.26885080143414236,73.11491985658576,1.4033468345192484,1125,2436,2740500,45.04847993254907,0.985406264432118,70.77055179,0,0.9672587119138844,101,1.2143895226579724,0.19942081228340974,0.23159301032900034,0.1809223040182329,0,,,,,1013.135000001057,,305605f656af301b1bbe33531f01f6235610bfa2d9ed5c99b54a6da48e8998e2,2143e3d2382a15ec51402e7305f03defef01a3dfd6daf15dfe0a33a8fe090cf7
96f08a9eedb2.png,png,tinypng,tinypng,1788107,484289,0.27083893749087723,72.91610625091226,1.413724502827951,1125,2436,2740500,43.15060127940468,0.9781035438421207,72.51521817,0,0.9278028644407955,61,3.3348235670120356,0.22059235675252317,0.4587412477225122,0.2900163488644474,0,,,,,0.08662499021738768,True,305605f656af301b1bbe33531f01f6235610bfa2d9ed5c99b54a6da48e8998e2,83ab6a689f40c023e372ea0d0ac6c49fd42b16d01b793a020fe5c55bcf886c93
9a1111157708.png,png,smaller,mediacompress,206358,204623,0.991592281375086,0.8407718624913962,1.3473119341563786,1125,1080,1215000,50.18374493698523,0.9978760333913909,77.88656879,0.10310699588477366,0.19185041152263374,58,0.7731094554344935,0.5715465561810743,0.17985530315313522,0.434870584203416,0,,,,,404.73933299654163,,2c3c758c59e9612540b7444564027e8e10f2ed4082c87b2f17bfc8b990d76a0a,00af260fd2ee96644a6d9a560e923745409541177bd91c6d40d8d49963f4a1a4
9a1111157708.png,png,tinypng,tinypng,206358,202874,0.9831167194874926,1.6883280512507426,1.3357958847736626,1125,1080,1215000,49.128474533134806,0.9957400577763679,76.34670389,0.09344197530864197,0.8029993827160494,255,0.8109668685171065,0.3748163530710375,0.2987716314285043,0.4518412011966084,0,,,,,0.08700000762473792,True,2c3c758c59e9612540b7444564027e8e10f2ed4082c87b2f17bfc8b990d76a0a,c6d44f3bb64bbbb5ac9adcaf4500ace689e1e24b0bed5bfaccfe045c522bd250
9f55aeadcc9a.png,png,smaller,mediacompress,554268,176026,0.3175828299667309,68.24171700332691,0.513850757161102,1125,2436,2740500,56.10981174632901,0.9996031326265173,83.76177446,0,0.10788514869549352,61,0.21269353240208366,0.11782899862033255,0.03788654321772198,0.21557677736062203,0,,,,,611.9488749973243,,2b76515c2a3c3f59c53cd85dcfaac2c438c40abcc58f8d170daf5e2ce9c2cb87,ba18020cca3a0edd16ae6080cf9e1f2a7a3fc2335880dabf451af6b3a1ed5ab7
9f55aeadcc9a.png,png,tinypng,tinypng,554268,180932,0.32643414377160507,67.35658562283949,0.5281722313446451,1125,2436,2740500,54.845046798003736,0.999459491837142,84.94471909,0,0.09060600255427842,39,0.2294998401458011,0.12124131221093012,0.05493439165712853,0.2502616174546632,0,,,,,0.08083299326244742,True,2b76515c2a3c3f59c53cd85dcfaac2c438c40abcc58f8d170daf5e2ce9c2cb87,29a62348e6bedb8ae5ab05b60ebb9ed1057ef79e3e44f664b5dbcf78d5b3bf26
a931027a99f1.png,png,smaller,mediacompress,6060391,1768194,0.2917623631874577,70.82376368125422,2.968840667311412,1504,3168,4764672,44.72818338064364,0.9889606515078099,73.54054601,0,1.4676767361950622,72,1.1732194284776452,0.21287542695558678,0.34496322174373467,0.2947542147399628,0,,,,,2144.2415839992464,,29e1f25208d638ca318011e25136894e3254ae3099d4280fc6ba8431fd362d03,94dd1450bda5b7b46a1d70b3e8614d6d2ad5c708ddc0d594ce20a4ff3de675fa
a931027a99f1.png,png,tinypng,tinypng,6060391,6060391,1.0,0.0,10.175543668063614,1504,3168,4764672,99,0.9999999999999922,100,0,0,0,0,0,0,0,0,,,,,0.08966700988821685,True,29e1f25208d638ca318011e25136894e3254ae3099d4280fc6ba8431fd362d03,29e1f25208d638ca318011e25136894e3254ae3099d4280fc6ba8431fd362d03
bb018dab736f.png,png,smaller,mediacompress,1172832,340090,0.2899733295135194,71.00266704864806,1.8703927128985134,1125,1293,1454625,48.504389516048995,0.9946323228488462,80.93690955,0.08918930995961158,0.656785769528229,30,0.3927253494757764,0.1382870390504579,0.15092546636018528,0.21911289238874535,0,,,,,527.5302499940153,,d61d744b25f9e6695d6796ec13e079f35fe4bd43f9d3dc5c19bf29a316a040b6,f44a96384127cabc1b60ab36d802bd3cf4a501759841728b63523515bb4164bd
bb018dab736f.png,png,tinypng,tinypng,1172832,327124,0.2789180377070203,72.10819622929797,1.7990836126149352,1125,1293,1454625,46.96041727805074,0.9921664837330244,78.99883951,0.12473111626707914,0.6521945518604452,34,0.8419417404542037,0.23118887028469803,0.2908402862017947,0.32977880925127134,0,,,,,0.08479099778924137,True,d61d744b25f9e6695d6796ec13e079f35fe4bd43f9d3dc5c19bf29a316a040b6,0642e77b09ddcdd5f1669c128bcae0a860e557dc2f01b0149e358a9bfcf925e6
c519dd8ec71a.png,png,smaller,mediacompress,3123864,702238,0.22479787852480135,77.52021214751986,1.5575695068259197,1290,2796,3606840,45.5732266164994,0.984331572451195,73.38134669,0,1.0268128056692285,78,0.8759703686755387,0.18595464872660866,0.20489965197898397,0.16763240771531274,0,,,,,1315.3812090022257,,29f1774fc67ffca111557e93e8da73f7b2e70a5c951a02bf8868ca8b3b017aea,aae0957f6bfae66055ce5429258acb1a2ec7b30ee9d5305b592f7b416af32b18
c519dd8ec71a.png,png,tinypng,tinypng,3123864,685175,0.21933573292563313,78.06642670743669,1.5197236362023268,1290,2796,3606840,43.14270779008166,0.9753056898644208,72.96703209,0,0.9827296192789255,43,2.3684481731953664,0.22790452555301258,0.4742603565691094,0.2939586299683253,0,,,,,0.09412500367034227,True,29f1774fc67ffca111557e93e8da73f7b2e70a5c951a02bf8868ca8b3b017aea,de7964d2105241ce17fe684777618ca5a1ac3fdd3e0e5c77bd2eeef6a87217dd
c58b0d8b55c0.png,png,smaller,mediacompress,1067301,269348,0.2523636724785229,74.7636327521477,3.1922725925925928,750,900,675000,48.41377559283056,0.9890453637788091,79.09895834,0.5880325925925926,1.556837037037037,255,0.44443749358687046,0.21788479104427436,0.13025565381488638,0.22831793133371442,0,,,,,278.3397079911083,,3a511a072157cd179e1850316c98298e6534e5b4d3b7ff06c7a4ef4d1ccf67fa,6b07a48942a48d01a05167df778dc5aecf79e52c55df16ed6fb073c155de7993
c58b0d8b55c0.png,png,tinypng,tinypng,1067301,277906,0.2603820290620921,73.96179709379078,3.2937007407407406,750,900,675000,46.94301913543668,0.9850668912266972,76.68404898,0.7010918518518519,1.7093144444444444,255,0.5108964371955536,0.24453647231480216,0.21930566301842305,0.31581895182807757,0,,,,,0.0857499981066212,True,3a511a072157cd179e1850316c98298e6534e5b4d3b7ff06c7a4ef4d1ccf67fa,fef266ceb136e75466162e7948f61c1207de824b98622f8196f7765d214cc453
c68caf043c0e.png,png,smaller,mediacompress,10090666,3416246,0.3385550567227178,66.14449432772822,2.895987616644965,3072,3072,9437184,51.64259380579545,0.9961951247740283,85.46556987,0,0.7370070086585151,41,0.2800166195404642,0.038482571094764655,0.0967517962663836,0.16272854793908906,0,,,,,3392.729416009388,,58198bad60327538e1579ea5d1d41e0ce1771acde22d48a380ad0a2f01311af0,b0c9074864cf6b2b531a4afcc9ff83cccd65e092f4713a49b565b6eed833a591
c68caf043c0e.png,png,tinypng,tinypng,10090666,10090666,1.0,0.0,8.553963555230034,3072,3072,9437184,99,1,100,0,0,0,0,0,0,0,0,,,,,0.11908299347851425,True,58198bad60327538e1579ea5d1d41e0ce1771acde22d48a380ad0a2f01311af0,58198bad60327538e1579ea5d1d41e0ce1771acde22d48a380ad0a2f01311af0
c967f1df734f.png,png,smaller,mediacompress,723424,200566,0.2772454328305392,72.27545671694608,0.5854873198321474,1125,2436,2740500,51.716781775226764,0.99826978835999,81.27535259,0.04493596059113301,0.15831417624521074,111,0.7923050869332142,0.33031076007425786,0.10077245411906288,0.29729318091205736,0,,,,,772.5894169998355,,5eb7dc6248fd7d6c37bef9af61e3ea5d6bb5ac4790aa5f9bd9484957578764d5,60f65652c92d7e5e9a1e21c06dd9587dd6959de326af8d7c2ec8b8b8669c678c
c967f1df734f.png,png,tinypng,tinypng,723424,188360,0.26037289335161673,73.96271066483833,0.5498558657179347,1125,2436,2740500,54.16245972787971,0.9978434241718277,85.37727591,0.06174420726144864,0.1322591680350301,65,0.630608636259193,0.27233384227954355,0.11548824474979862,0.30437077581287203,0,,,,,0.09862499427981675,True,5eb7dc6248fd7d6c37bef9af61e3ea5d6bb5ac4790aa5f9bd9484957578764d5,cac7df2cad545853b94a14038ec856f0199cfddc24ebeacbf317db9f7c9e7931
d1c8b45685ff.png,png,smaller,mediacompress,29770,24821,0.8337588176016124,16.624118239838758,0.3796457216056287,885,591,523035,53.05167766782904,0.9993206859956515,84.91166828,0.010385538252698194,0.10555125374018948,46,0.27865144736842185,0.6499533841174245,0.041104890180953764,0.26264280694962583,0,,,,,122.1194999961881,,737e56b6f98a780860903b15f7b4a3318714026b88f961b80de98f7a8f3adeee,9cea7d8cefb5e252d41515f29c49f18f4f04dfc545a6a26d80ecb7984b6e2877
d1c8b45685ff.png,png,tinypng,tinypng,29770,24064,0.8083305340947262,19.166946590527377,0.3680671465580697,885,591,523035,54.043341889613,0.9993859388732802,87.45254194,0.0018029386178745209,0.07851099830795262,40,0.23107421874999587,0.5333335946801991,0.054962960995502616,0.2926640435191384,0,,,,,0.07824999920558184,True,737e56b6f98a780860903b15f7b4a3318714026b88f961b80de98f7a8f3adeee,deae3c29fc13b13ec8f030fa9484a9fd2ed5bbcea5a99f6ce52490f5a955f5cb
d25b24a5dd25.png,png,smaller,mediacompress,2513364,626463,0.24925279426298777,75.07472057370123,3.2998874074074074,1125,1350,1518750,47.591840619621316,0.9871826249526527,74.06816121,0.6606999176954732,1.437162962962963,255,0.13065200018291478,0.19634955898019235,0.1149083740003501,0.22056205513272015,0,,,,,562.8929999948014,,262b0a08d1f6163e84de6469662d761e167e77bcd5cd8d1ba4a18bb554828d69,e8a47ffbc43bb712397d161c6aa695673b4d5a65381f15440469e1152ac3d27a
d25b24a5dd25.png,png,tinypng,tinypng,2513364,648983,0.25821289713706413,74.1787102862936,3.4185112757201646,1125,1350,1518750,46.350189194003725,0.9842087941351834,73.18944698,0.7343532510288066,1.7843334979423868,255,0.2018585630708486,0.21486120928252955,0.18871035475752684,0.2907589301618473,0,,,,,0.0821249996079132,True,262b0a08d1f6163e84de6469662d761e167e77bcd5cd8d1ba4a18bb554828d69,7c8c9d66f87cb1c6a0654c38ed76ac5686739bf6dbdf34380d6f39c420c47c6e
d375ca47117d.png,png,smaller,mediacompress,7201769,2351597,0.32653046772258315,67.3469532277417,3.948388472490866,1504,3168,4764672,44.667092834017474,0.9923187378262992,79.10227547,0,1.2099826598766925,81,0.7808994005214955,0.2103482697659712,0.22739224618433085,0.2406501141716064,0,,,,,1898.9251669991063,,acf19d8d44cd273c7758c8a253bdbc27e34a35dfdf3314705264c1b8f55d566e,08d460317c11c747b92f3f1acdbda9101b3475f2af813cc918e5bb9fca8e2042
d375ca47117d.png,png,tinypng,tinypng,7201769,7201769,1.0,0.0,12.091945048893187,1504,3168,4764672,99,1,100,0,0,0,0,0,0,0,0,,,,,0.09895898983813822,True,acf19d8d44cd273c7758c8a253bdbc27e34a35dfdf3314705264c1b8f55d566e,acf19d8d44cd273c7758c8a253bdbc27e34a35dfdf3314705264c1b8f55d566e
d4ff23136b0e.png,png,smaller,mediacompress,376977,136345,0.3616798902850837,63.83201097149163,0.39801496077358145,1125,2436,2740500,54.52672768309955,0.9994913961944959,82.55750584,0,0.0816731435869367,82,0.131582214205823,0.3125029320422735,0.039679932230087506,0.21417234227656115,0,,,,,656.9544579979265,,a59d8361b7dddb920fae6fd132ce2df74ace33021a88b2ee00223b7d95dadbb7,341ff178a23c6824148f4eb694f4774d7e723102eb035ef46be7a117fb7dc95d
d4ff23136b0e.png,png,tinypng,tinypng,376977,135535,0.35953121808492294,64.0468781915077,0.395650428753877,1125,2436,2740500,54.50126557350159,0.9992935157859969,83.76846811,0,0.06997692027002372,40,0.294499163956461,0.40559369524175887,0.05846106544639755,0.26365671505354255,0,,,,,0.23925000277813524,True,a59d8361b7dddb920fae6fd132ce2df74ace33021a88b2ee00223b7d95dadbb7,d5aafe0c4d8975e01b9c27a91bb045e8860f0fa5422c602364543e35dd28bf36
d932a40176cc.png,png,smaller,mediacompress,118906,117715,0.9899836845911897,1.0016315408810317,1.6650311976760428,957,591,565587,47.584974353454555,0.995412384586895,74.82189396,0.1370717502347119,0.17534658682041843,39,0.38385462211195553,0.37674405227814356,0.043813905531689436,0.11733785926222122,0,,,,,167.42445800628047,,d308e7fba41c8ece3cb01c0858e08b4315f2f6ba1a79b6ccd9f44a1891e6421c,4cb39e568ebb88eaafbcae6764f19c834ecc9867a140603953b9a05c739714a2
d932a40176cc.png,png,tinypng,tinypng,118906,104145,0.8758599229643584,12.414007703564156,1.473089020787253,957,591,565587,48.766621727758604,0.9955355220562934,79.71377149,0.07300203151769755,0.46054718372239817,76,0.2952303279619971,0.38507329754330794,0.14352419406103664,0.2867283813177456,0,,,,,0.2514580119168386,True,d308e7fba41c8ece3cb01c0858e08b4315f2f6ba1a79b6ccd9f44a1891e6421c,d92a2bb955cc1ef851165508026bfc856efb91defc50e1b891f46b6897a6f4cc
e2ddb1cf8e4c.png,png,smaller,mediacompress,4669356,2868223,0.6142652220134853,38.57347779865147,2.4314227634006076,3072,3072,9437184,52.2599142635406,0.9973000186513139,87.05256405,0,0.21738251050313315,27,0.342664431014738,0.10591024929303167,0.14733562427926605,0.2731728906194461,0,,,,,2781.123959008255,,87434a518034601ff363aeedfc5557897b9671e69c1ba6a39a5d7f7420c045a2,a45ed97a9e60f3e4b8a40a21a982daafbb75f260c3e50d5a3337ff84e6c51ee0
e2ddb1cf8e4c.png,png,tinypng,tinypng,4669356,2409097,0.5159377438773142,48.406225612268585,2.04221683078342,3072,3072,9437184,49.35903679353589,0.9935718459618545,83.13890232,0,0.36563730239868164,30,0.39983568433296046,0.08375719866351161,0.1552394888196082,0.19639438016412458,0,,,,,0.5960000125924125,True,87434a518034601ff363aeedfc5557897b9671e69c1ba6a39a5d7f7420c045a2,3639489565419c473fb31086aea798dc3006ecb4734cbf474361feec9e9f7ff4
e520507a4757.png,png,smaller,mediacompress,626134,239810,0.38300108283530365,61.69989171646964,0.7000474365991607,1125,2436,2740500,54.18181629773493,0.9992578433549862,82.84591971,0,0.11355227148330596,85,0.2023449009942953,0.37231801924175634,0.05495220634095834,0.24137549651529655,0,,,,,719.9703339865664,,ee44c86fc573644bf86d8f83c267b3aa8b11f152ccf10401b772fa915a422ee0,31b41fa832abfe7c0912e07b98c0a1b823542008f59ec08e1c8882d2a1f2e84a
e520507a4757.png,png,tinypng,tinypng,626134,218031,0.34821779363522826,65.17822063647718,0.6364707170224412,1125,2436,2740500,53.160656673297034,0.9988806101896831,82.1747372,0,0.10245183360700602,51,0.4269531916909219,0.3472209800157785,0.09617918705833976,0.31229187536870756,0,,,,,0.08854099723976105,True,ee44c86fc573644bf86d8f83c267b3aa8b11f152ccf10401b772fa915a422ee0,364f113fcd99057690a90ff66f95a68ae58f56ac777476d11fba073bb9d97321
e60cfdb36859.png,png,smaller,mediacompress,141020,61119,0.4334066089916324,56.65933910083676,0.07545555555555555,3600,1800,6480000,58.13243000093762,0.9998945079571625,85.43012393,0.0009371913580246914,0.01607488425925926,255,0.0035584050214022478,0.19455521983688173,0.005532937510836241,0.1461507346359768,0,,,,,912.8528339933837,,b09fcd01da32b7e68f463efc6d0dc6f558f343520ea7b4151aaca83a18d33e92,e1a906c87db77ee9843bbf4358d2fb672f89327790776a4c1ce4b91972318fb2
e60cfdb36859.png,png,tinypng,tinypng,141020,63192,0.4481066515387888,55.18933484612112,0.07801481481481481,3600,1800,6480000,59.9653232589942,0.9999021740054105,85.74114234,0.0005248456790123457,0.008035378086419753,52,0.003047558542647835,0.306545765171175,0.008202961446118736,0.15549296400864546,0,,,,,0.18041599832940847,True,b09fcd01da32b7e68f463efc6d0dc6f558f343520ea7b4151aaca83a18d33e92,e1438bdcd9ef3baf8cf0a853ca1fd197fac0a5353810dd69b3fd29dff4524e36
ea5748935356.png,png,smaller,mediacompress,196855,87771,0.4458662467298265,55.413375327017356,0.25621893814997265,1125,2436,2740500,57.34591581860695,0.9997393445821867,85.40049583,0,0.03996569968983762,78,0.3972806479548815,0.365989954596767,0.06731580736698488,0.3701996086156113,0,,,,,696.7560420016525,,1befca45c8b4ab74724a437262bfd1ad8898dac3b2631093ede0a84e3db7f9ab,1f8c1938920646eb977d5fafe1e7424272bef8de3076065ca5f504a5648fc67e
ea5748935356.png,png,tinypng,tinypng,196855,88134,0.4477102435803002,55.22897564196998,0.2572785987958402,1125,2436,2740500,56.95044168381682,0.9994784496021372,82.74743882,0,0.036634373289545705,44,0.4324469850954934,0.31934048592839714,0.07475341466726998,0.29368534705564664,0,,,,,0.5171250086277723,True,1befca45c8b4ab74724a437262bfd1ad8898dac3b2631093ede0a84e3db7f9ab,aacc6c6ca9789b69a8f5188b3ebf44dc0079039743a529dc58ad97b4357d0497
